age,use_social_media,avg_social_time,purposeless_use_freq,distracted_by_sm,restless_without_sm,easily_distracted,worry_level,concentration_difficulty,comparison_freq,comparison_feelings,seek_validation,feel_depressed,interest_fluctuation,sleep_issues,App_Discord,App_Facebook,App_Instagram,App_Pinterest,App_Reddit,App_Snapchat,App_TikTok,App_Twitter,App_YouTube,gender_Female,gender_Male,relationship_status_In a relationship,relationship_status_Married,relationship_status_Single
0.36842105263157887,1,3,5,3,2,5,2,5,2,3,2,5,4,5,1,1,1,0,1,0,0,1,1,0,1,1,0,0
0.36842105263157887,1,6,4,3,2,4,5,4,5,1,1,5,4,5,1,1,1,0,1,0,0,1,1,1,0,0,0,1
0.36842105263157887,1,4,3,2,1,2,5,4,3,3,1,4,2,5,0,1,1,1,0,0,0,0,1,1,0,0,0,1
0.36842105263157887,1,6,4,2,1,3,5,3,5,1,2,4,3,2,0,1,1,0,0,0,0,0,0,1,0,0,0,1
0.36842105263157887,1,3,3,5,4,4,5,5,3,3,3,4,4,1,0,1,1,0,0,0,0,0,1,1,0,0,0,1
0.42105263157894746,1,3,4,4,2,3,4,3,4,4,3,3,2,4,1,1,1,1,0,0,1,1,1,1,0,0,0,1
0.36842105263157887,1,4,4,3,2,2,4,3,5,3,4,5,5,3,0,1,1,0,0,1,1,0,1,1,0,0,1,0
0.36842105263157887,1,6,5,2,3,3,3,1,1,3,1,5,5,1,0,1,1,0,0,0,0,0,1,1,0,1,0,0
0.36842105263157887,1,6,5,2,3,3,1,1,1,3,1,5,5,1,0,1,1,0,0,0,0,0,1,1,0,1,0,0
0.3157894736842105,0,1,1,1,1,1,1,1,1,1,1,1,1,1,0,0,0,1,1,0,0,0,0,0,1,0,0,1
0.5263157894736842,1,3,5,5,2,4,3,5,4,2,3,5,4,5,1,1,1,0,0,0,0,0,1,0,1,0,0,1
0.36842105263157887,1,4,4,4,2,5,3,4,2,2,3,3,4,2,1,1,1,1,1,1,1,0,1,1,0,0,0,1
0.42105263157894746,1,4,3,4,2,4,4,2,4,2,1,3,1,5,1,1,1,1,1,1,0,1,1,1,0,0,0,1
0.36842105263157887,1,4,5,3,2,1,4,4,2,3,2,3,3,3,0,1,1,1,1,1,0,1,1,1,0,0,0,1
0.42105263157894746,1,6,5,5,5,5,5,5,5,5,5,5,5,5,0,1,0,1,0,0,0,0,1,0,1,0,0,1
0.4736842105263158,1,2,3,4,2,3,4,4,3,2,2,3,4,2,0,1,1,0,1,0,0,0,1,0,1,1,0,0
0.36842105263157887,1,1,2,2,1,2,4,2,1,3,1,4,1,3,1,1,0,0,0,0,0,0,1,0,1,0,0,1
0.5789473684210525,1,5,5,5,4,4,3,3,1,4,2,2,2,2,0,1,1,0,1,0,0,0,1,0,1,0,0,1
0.7368421052631579,1,2,3,4,2,4,5,5,2,3,1,3,3,1,1,1,0,0,1,0,0,0,1,0,1,0,0,1
0.42105263157894746,1,3,4,2,2,3,3,2,2,2,1,2,3,2,1,1,1,0,1,0,0,0,1,0,1,1,0,0
0.4736842105263158,1,6,3,2,4,2,4,2,5,2,1,3,3,1,1,1,1,0,1,0,1,1,1,0,1,0,0,1
0.6315789473684209,1,4,3,4,3,3,4,4,4,3,3,4,4,4,0,1,1,1,0,0,0,0,1,1,0,0,0,1
0.4736842105263158,1,2,3,2,2,4,4,3,3,2,3,4,4,1,0,1,1,1,0,1,0,0,1,1,0,0,1,0
0.4736842105263158,1,4,3,3,5,5,5,5,4,1,3,3,5,5,1,1,0,0,0,0,0,1,1,0,1,0,0,1
0.3157894736842105,1,4,4,4,3,3,3,4,2,3,3,4,3,4,1,1,1,0,0,0,0,0,1,0,1,0,0,1
0.42105263157894746,1,5,3,4,3,4,5,4,4,3,2,4,4,1,1,1,1,1,0,1,1,0,1,1,0,1,0,0
0.36842105263157887,1,4,4,4,5,5,5,4,4,4,3,5,4,1,1,1,1,0,0,1,0,0,1,1,0,0,0,1
0.42105263157894746,1,4,4,4,3,3,5,4,5,2,3,5,4,3,1,1,1,0,0,0,0,0,1,1,0,1,0,0
0.5263157894736842,1,3,3,3,3,3,3,4,2,3,3,2,3,3,0,1,1,0,0,0,1,0,1,0,1,0,0,1
0.21052631578947367,1,3,4,3,3,3,4,3,3,2,4,3,3,2,1,1,1,1,0,0,0,0,1,1,0,0,0,1
0.26315789473684215,1,4,5,5,5,5,5,5,2,3,1,5,4,4,1,1,1,0,0,0,0,0,1,1,0,0,0,1
0.36842105263157887,1,4,5,3,4,3,2,3,5,3,4,3,3,1,0,1,1,0,0,0,0,0,0,0,1,0,0,1
0.4736842105263158,1,1,2,3,1,1,1,3,1,3,1,5,4,5,1,1,1,0,1,1,0,1,1,0,1,0,0,1
0.42105263157894746,1,4,4,5,5,4,4,4,2,3,3,2,2,5,0,1,1,1,0,1,0,0,1,1,0,0,0,1
0.42105263157894746,1,3,4,4,2,4,3,5,1,3,1,1,3,4,1,1,0,0,0,0,0,0,1,0,1,0,0,1
0.36842105263157887,1,2,1,1,1,1,1,1,2,1,2,3,3,1,0,1,1,0,0,1,0,0,1,1,0,0,0,1
0.36842105263157887,1,4,3,5,2,3,3,3,3,4,2,4,2,2,0,1,1,0,0,1,0,0,1,1,0,0,0,1
0.26315789473684215,1,6,3,2,4,4,5,4,5,2,1,5,4,2,0,1,1,1,0,1,0,0,1,1,0,0,0,1
0.5263157894736842,1,6,5,1,1,3,3,3,1,3,3,3,3,3,1,0,0,0,1,0,0,1,0,0,1,0,0,1
0.42105263157894746,1,6,4,5,4,4,5,2,3,3,3,3,2,3,0,1,1,0,0,0,0,0,1,1,0,1,0,0
0.1578947368421052,1,4,4,3,1,3,5,3,4,2,1,3,5,1,0,0,1,1,1,0,0,0,1,1,0,0,0,1
0.9999999999999999,1,4,3,3,1,3,2,1,2,2,1,1,1,1,0,1,0,0,0,0,0,0,1,1,0,0,0,1
0.42105263157894746,1,4,4,4,3,4,3,2,1,3,3,3,4,4,1,1,1,1,1,1,1,1,1,1,0,0,0,1
0.5263157894736842,1,6,5,5,5,5,4,5,2,2,1,3,5,1,1,0,0,0,0,1,0,0,1,0,1,0,0,1
0.6315789473684209,1,1,3,5,3,5,5,5,5,5,5,5,5,5,0,1,0,0,0,0,0,0,0,0,1,0,0,1
0.6315789473684209,0,2,4,1,1,2,2,1,1,3,1,1,3,2,1,0,0,0,1,0,0,0,1,0,1,1,0,0
0.6842105263157895,1,6,2,5,5,4,4,5,3,3,4,5,2,3,0,1,1,0,1,1,1,1,1,0,1,0,0,1
0.42105263157894746,1,6,3,2,1,2,4,2,1,3,1,3,4,2,1,1,1,0,1,1,0,0,1,0,1,0,1,0
0.26315789473684215,1,3,3,2,2,2,4,3,3,3,2,4,4,5,1,1,1,1,0,0,0,0,1,1,0,0,0,1
0.42105263157894746,1,3,4,5,2,4,4,4,3,3,4,5,4,2,1,1,1,1,1,1,1,1,1,1,0,0,1,0
0.3157894736842105,1,2,1,1,1,2,2,2,1,3,1,1,3,5,0,0,1,0,1,0,0,0,0,1,0,0,1,0
0.5789473684210525,1,6,4,3,3,4,4,4,2,2,2,4,3,4,1,1,1,0,0,0,0,1,1,1,0,0,0,1
0.5789473684210525,1,2,2,2,1,3,5,4,5,2,4,4,5,4,0,0,0,0,1,0,0,0,1,1,0,0,1,0
0.21052631578947367,1,6,4,4,3,5,4,3,1,3,1,5,4,5,0,1,1,1,0,0,0,0,1,1,0,0,0,1
0.5789473684210525,1,2,3,1,1,3,2,4,1,3,1,5,1,5,0,0,0,0,1,0,0,0,0,0,1,0,0,1
0.26315789473684215,1,3,2,3,1,5,3,5,1,3,1,1,5,4,1,0,0,0,1,0,0,0,0,1,0,0,0,1
0.5263157894736842,1,2,3,2,4,3,2,2,1,3,2,2,4,4,1,0,0,0,1,0,0,0,1,0,1,1,0,0
0.36842105263157887,1,4,5,5,5,5,5,5,5,2,4,4,4,1,0,1,1,0,1,0,1,0,0,0,1,1,0,0
0.0,1,2,4,2,2,3,5,3,3,4,2,4,4,4,0,0,0,0,1,0,0,0,0,0,1,0,0,1
0.5789473684210525,1,4,4,4,3,3,3,2,3,2,2,3,4,4,1,0,0,0,1,1,0,0,1,0,1,0,0,1
0.9999999999999999,1,4,2,4,3,2,2,2,1,1,1,1,2,2,0,0,1,0,0,0,0,0,1,0,1,0,1,0
0.4736842105263158,1,3,5,5,5,5,5,5,5,5,5,5,5,5,1,0,1,0,1,0,0,0,1,0,1,0,0,1
0.0,1,6,4,4,2,2,4,2,4,2,4,4,4,5,0,0,1,1,1,1,1,1,1,1,0,0,0,1
0.4736842105263158,1,5,4,4,3,3,4,5,3,2,4,5,5,4,1,1,0,0,1,0,0,0,1,1,0,0,0,1
0.6315789473684209,1,1,2,1,1,3,2,1,1,1,1,2,3,4,0,0,0,0,1,0,0,0,0,0,1,0,0,1
0.5263157894736842,1,3,4,5,3,4,3,2,2,3,4,5,4,2,0,1,0,0,1,0,0,0,1,0,1,0,0,1
0.36842105263157887,1,4,4,3,4,4,5,4,5,1,2,4,4,2,1,1,1,0,0,1,1,1,1,1,0,0,0,1
0.21052631578947367,1,4,4,3,3,3,5,5,4,3,1,5,5,5,0,1,0,0,1,0,0,0,1,1,0,0,0,1
0.7368421052631579,1,4,2,5,4,3,5,5,5,2,1,5,3,5,1,1,0,0,1,0,0,0,1,0,1,0,0,1
0.42105263157894746,1,3,4,4,4,5,5,5,3,3,1,4,4,5,1,0,1,0,1,1,0,1,1,0,1,0,0,1
0.36842105263157887,1,6,4,4,2,5,4,4,3,3,2,1,5,4,1,1,1,1,1,1,0,0,1,0,1,0,0,1
0.36842105263157887,1,6,5,5,3,5,4,5,2,3,2,4,5,2,1,0,1,0,1,1,0,0,1,0,1,0,0,1
0.36842105263157887,1,5,3,5,5,5,3,5,4,4,3,4,5,5,0,1,1,1,0,0,0,0,1,1,0,1,0,0
0.1578947368421052,1,3,4,4,3,4,5,4,3,2,4,2,4,2,0,1,1,0,1,0,0,1,1,0,1,0,0,1
0.42105263157894746,1,2,3,4,3,4,1,3,1,2,2,2,4,4,0,1,0,0,0,0,0,0,1,1,0,1,0,0
0.9473684210526315,1,2,4,3,2,5,2,5,2,4,1,1,2,1,0,0,0,0,1,0,0,0,0,1,0,0,1,0
0.42105263157894746,1,3,5,4,2,2,1,3,1,3,5,3,2,2,0,1,0,0,0,0,0,0,1,0,1,0,0,1
0.3157894736842105,1,3,4,5,4,5,5,5,4,2,4,5,5,4,0,1,1,1,0,1,0,0,1,1,0,1,0,0
0.42105263157894746,1,3,3,5,2,4,4,4,2,3,2,4,4,3,0,1,1,0,0,1,0,0,1,0,1,1,0,0
0.7368421052631579,1,4,4,5,4,5,5,5,2,3,2,4,5,2,0,1,0,0,0,0,0,0,1,1,0,0,0,1
0.42105263157894746,1,6,4,3,3,4,5,4,1,3,2,4,2,1,0,1,1,0,0,1,0,1,1,1,0,0,0,1
0.8421052631578948,1,5,4,5,3,2,4,4,3,3,3,4,4,4,0,0,1,0,0,0,0,0,0,1,0,0,0,1
0.42105263157894746,1,6,5,5,1,3,2,5,2,1,1,3,1,5,1,1,1,0,0,1,0,0,1,0,1,0,0,1
0.0,1,5,5,5,2,4,2,3,1,3,1,1,3,5,1,0,1,0,0,0,0,0,1,0,1,0,0,1
0.3157894736842105,1,6,4,2,1,2,1,1,2,2,1,4,3,2,0,0,0,0,1,0,0,0,1,0,1,0,0,1
0.42105263157894746,1,6,4,4,4,4,4,5,5,3,4,5,5,3,0,1,1,1,0,0,0,0,1,1,0,0,0,1
0.10526315789473684,1,5,4,5,2,5,3,4,3,1,4,2,1,3,1,1,1,0,0,1,1,0,1,0,1,0,0,1
0.42105263157894746,1,3,3,4,3,4,4,3,2,2,3,3,2,3,0,1,1,0,0,0,0,1,1,1,0,1,0,0
0.42105263157894746,1,2,5,4,3,4,4,2,1,1,1,5,3,5,1,1,1,1,1,1,0,1,1,0,1,1,0,0
0.42105263157894746,1,4,3,4,3,3,4,3,2,3,3,4,3,3,0,0,1,0,0,0,0,0,0,0,1,0,0,1
0.42105263157894746,1,2,4,3,4,3,5,5,3,3,4,3,5,5,0,1,1,1,0,1,0,1,1,0,1,0,0,1
0.36842105263157887,1,5,2,3,4,3,3,3,3,4,4,1,3,3,0,1,1,1,0,1,0,0,1,1,0,0,0,1
0.4736842105263158,1,5,2,3,4,3,3,3,3,4,3,2,4,5,0,1,0,0,0,0,0,0,1,1,0,0,0,1
0.4736842105263158,1,3,3,2,2,4,2,2,1,3,3,3,4,5,0,1,1,0,0,0,1,0,0,1,0,0,0,1
0.36842105263157887,1,4,3,2,1,3,2,3,2,1,3,2,2,5,0,1,1,0,0,1,0,0,1,1,0,1,0,0
0.6315789473684209,1,6,4,5,4,4,5,3,5,4,3,4,2,3,0,1,1,1,0,0,0,0,1,1,0,0,0,1
0.6842105263157895,1,6,2,5,4,4,3,2,5,1,4,4,4,1,0,1,1,0,0,1,0,0,1,1,0,0,0,1
0.3157894736842105,1,3,5,5,5,5,5,5,3,1,1,3,3,5,0,1,1,0,0,0,0,0,0,1,0,0,0,1
0.42105263157894746,1,6,5,4,5,4,5,4,3,3,4,3,3,4,0,1,0,0,0,0,0,0,0,1,0,0,0,1
0.4736842105263158,1,6,5,5,5,5,5,4,5,5,4,5,4,5,1,1,1,0,0,1,1,0,1,1,0,1,0,0
0.3157894736842105,1,5,4,5,3,4,3,5,2,3,3,4,4,5,0,1,1,0,0,0,0,0,1,0,1,0,0,1
0.3157894736842105,1,4,4,3,1,2,4,2,4,2,1,3,3,3,0,1,1,0,0,0,1,0,1,1,0,0,0,1
0.3157894736842105,1,5,4,5,5,5,2,5,2,3,1,5,4,3,0,1,0,1,0,1,0,0,1,1,0,0,0,1
0.42105263157894746,1,6,4,5,4,5,5,5,3,1,1,4,2,2,0,1,1,0,0,1,0,0,1,1,0,0,0,1
0.42105263157894746,1,6,5,5,3,3,2,3,4,5,4,1,4,1,0,0,1,0,0,0,0,0,0,1,0,0,0,1
0.3157894736842105,1,6,4,4,3,5,4,3,2,2,2,4,5,3,0,1,1,0,0,1,0,0,1,1,0,0,0,1
0.5263157894736842,1,3,1,1,3,3,4,4,3,3,2,4,4,4,1,1,1,0,0,1,0,1,1,0,1,0,0,1
0.4736842105263158,1,6,3,2,4,3,5,3,5,1,4,4,2,5,0,1,1,1,0,1,1,0,1,1,0,0,0,1
0.3157894736842105,1,4,5,2,1,2,1,1,5,1,1,4,5,3,0,1,1,0,0,0,0,0,1,1,0,0,0,1
0.10526315789473684,1,3,3,1,2,3,3,2,2,4,1,3,3,2,0,0,1,1,0,1,0,0,1,0,1,0,0,1
0.5263157894736842,1,3,3,3,2,3,4,3,2,4,2,3,1,4,0,1,1,0,0,0,0,1,1,0,1,0,0,1
0.6842105263157895,1,5,4,5,2,5,5,5,5,2,3,3,5,4,0,1,1,0,0,0,0,0,1,1,0,0,1,0
0.36842105263157887,1,5,4,3,4,3,3,2,5,2,3,5,5,5,1,1,1,0,0,1,0,0,1,1,0,0,0,1
0.3157894736842105,1,6,4,4,3,4,4,4,5,1,4,4,3,4,1,1,1,1,0,1,0,1,1,1,0,1,0,0
0.36842105263157887,1,4,3,2,1,1,2,2,2,4,3,2,2,2,1,1,0,0,0,0,0,0,1,0,1,1,0,0
0.9473684210526315,1,5,5,2,4,3,2,1,1,5,1,1,2,5,1,1,1,1,0,0,0,0,1,1,0,0,1,0
0.36842105263157887,1,4,2,2,1,5,4,5,3,3,2,3,5,4,0,1,1,1,0,0,0,0,1,1,0,1,0,0
0.26315789473684215,1,5,5,4,4,3,5,4,2,5,4,4,5,5,0,1,0,0,0,0,0,0,0,1,0,1,0,0
0.8421052631578948,1,2,4,2,1,2,2,1,4,2,2,2,2,5,0,1,1,0,0,0,0,0,1,0,1,1,0,0
0.36842105263157887,1,3,2,4,2,3,2,1,3,5,3,2,1,4,0,1,1,1,0,0,0,1,1,0,1,0,0,1
0.36842105263157887,1,1,2,3,2,4,3,3,2,3,1,2,2,1,1,1,1,0,0,1,0,1,1,0,1,1,0,0
0.3157894736842105,1,6,5,5,5,4,2,4,3,3,1,3,3,4,1,0,1,0,1,1,1,1,1,0,1,0,0,1
0.3157894736842105,1,4,4,5,4,4,5,5,5,2,2,3,4,4,0,1,0,0,0,0,0,0,1,1,0,0,0,1
0.3157894736842105,1,2,5,5,2,3,4,5,3,2,4,5,5,5,0,1,1,0,0,0,0,0,1,0,1,0,0,1
0.36842105263157887,1,2,4,4,4,4,4,2,4,3,4,3,3,1,0,1,1,0,0,1,0,0,1,1,0,0,0,1
0.3157894736842105,1,5,4,3,5,5,4,4,5,4,3,4,4,5,0,0,1,1,0,0,0,0,1,1,0,1,0,0
0.4736842105263158,1,4,5,3,3,4,3,5,1,3,3,4,3,5,0,0,0,1,0,0,0,0,0,1,0,0,0,1
0.36842105263157887,1,5,3,5,4,5,5,4,3,2,1,3,5,5,0,1,1,1,0,1,0,1,1,1,0,0,0,1
0.36842105263157887,1,3,3,2,5,2,4,1,3,2,4,4,2,1,0,1,1,1,0,0,0,0,1,1,0,1,0,0
0.5789473684210525,1,5,3,4,5,4,5,4,2,4,4,5,3,2,0,1,1,1,1,0,1,1,1,1,0,0,1,0
0.42105263157894746,1,6,5,5,4,5,4,3,2,3,3,3,4,4,1,1,1,1,0,1,1,1,1,1,0,1,0,0
0.5263157894736842,1,6,5,3,4,3,4,5,3,3,3,4,3,4,0,1,1,1,0,0,0,0,0,1,0,0,1,0
0.36842105263157887,1,3,5,5,5,5,1,5,2,5,5,2,5,5,0,0,1,0,0,0,0,0,0,1,0,1,0,0
0.42105263157894746,1,3,3,2,2,2,2,2,1,3,3,4,2,1,1,1,0,1,1,0,0,0,1,1,0,0,0,1
0.26315789473684215,1,3,3,4,3,3,3,3,3,5,3,4,3,1,1,1,1,1,0,1,1,0,1,1,0,0,0,1
0.36842105263157887,1,5,3,3,2,4,2,4,3,2,1,4,4,4,0,1,1,0,0,1,0,0,1,1,0,1,0,0
0.42105263157894746,1,6,5,3,3,3,5,3,2,3,4,5,3,4,0,1,1,0,0,1,0,0,1,1,0,1,0,0
0.3157894736842105,1,4,4,5,4,4,5,4,1,3,4,4,5,5,1,1,1,0,0,1,1,0,1,0,1,0,0,1
0.1578947368421052,1,1,2,2,2,2,2,1,1,2,1,1,1,2,0,1,1,0,0,0,0,0,1,0,1,0,0,1
0.9473684210526315,1,2,3,1,3,2,2,1,1,3,1,1,2,1,1,1,0,0,1,0,0,0,1,0,1,0,1,0
0.36842105263157887,1,2,3,3,2,5,4,5,4,2,2,2,3,2,1,1,1,0,0,1,0,1,1,1,0,0,0,1
0.42105263157894746,1,4,4,2,2,2,4,3,2,4,2,3,2,5,1,1,1,0,1,1,0,0,1,0,1,1,0,0
0.6842105263157895,1,6,5,5,3,3,3,3,1,3,1,3,3,4,0,1,1,0,0,0,0,0,1,1,0,0,1,0
0.36842105263157887,1,4,4,5,3,5,5,5,5,2,4,3,5,3,1,1,1,0,1,0,1,0,1,0,1,1,0,0
0.6842105263157895,1,6,5,5,5,5,5,5,1,3,1,5,5,5,1,1,0,0,1,0,0,0,0,0,1,0,1,0
0.3157894736842105,1,3,3,2,3,2,3,2,3,2,3,2,1,4,1,0,1,1,1,0,1,0,0,0,1,0,0,1
0.6842105263157895,1,4,4,4,4,5,4,3,2,2,1,1,3,2,0,1,1,0,0,0,0,0,1,1,0,0,1,0
0.5263157894736842,1,4,5,5,5,5,1,5,5,4,1,5,5,4,1,1,1,0,0,0,0,0,1,0,1,0,0,1
0.6315789473684209,1,3,3,2,1,1,1,1,1,1,1,1,1,1,0,1,1,1,0,1,0,0,1,1,0,0,0,1
0.3157894736842105,1,4,2,1,1,2,5,3,5,4,3,4,3,4,1,0,1,1,1,1,1,1,1,1,0,0,0,1
0.8947368421052632,1,3,3,3,3,3,4,3,4,4,4,3,3,2,1,1,1,0,0,0,0,0,1,0,1,0,0,1
0.36842105263157887,1,6,5,1,1,1,1,1,1,3,1,1,1,1,1,0,0,0,1,0,0,0,1,0,1,0,0,1
0.42105263157894746,1,1,1,1,1,1,1,1,1,1,1,1,1,1,0,1,0,0,0,1,0,0,1,0,1,0,0,1
0.3157894736842105,1,6,3,3,1,3,5,3,2,3,5,4,5,1,0,0,1,0,0,0,0,0,0,1,0,1,0,0
0.4736842105263158,1,5,4,2,1,1,3,1,1,3,1,3,2,1,1,1,1,0,1,0,0,1,1,0,1,1,0,0
0.42105263157894746,1,2,3,3,2,3,4,4,4,4,3,5,4,4,0,1,1,0,0,1,0,0,1,0,1,0,0,1
0.36842105263157887,1,6,4,4,4,5,5,5,4,2,3,3,4,4,0,1,1,0,0,1,0,1,1,1,0,1,0,0
0.4736842105263158,1,3,4,4,1,3,2,2,1,2,1,2,4,1,1,1,1,1,0,1,0,1,1,1,0,0,0,1
0.36842105263157887,1,2,4,3,1,3,4,3,5,2,3,3,4,3,0,1,0,0,0,0,0,0,1,1,0,0,0,1
0.42105263157894746,1,4,3,3,3,3,3,2,2,3,3,3,3,3,1,1,1,1,0,1,0,1,1,1,0,0,0,1
0.42105263157894746,1,6,3,1,4,4,3,4,3,4,3,4,4,3,0,1,0,0,0,0,0,0,0,1,0,1,0,0
0.42105263157894746,1,6,2,5,3,3,3,4,5,3,3,2,4,3,0,1,1,0,0,1,1,0,1,1,0,1,0,0
0.26315789473684215,1,4,5,4,5,3,5,4,5,1,5,4,4,3,1,1,1,1,0,1,0,0,1,1,0,0,0,1
0.4736842105263158,1,3,5,5,3,5,3,5,1,3,2,2,2,5,0,1,1,0,0,0,0,0,1,1,0,0,0,1
0.36842105263157887,1,6,4,5,3,4,4,4,3,3,4,4,4,5,0,1,1,0,0,0,0,0,1,0,1,1,0,0
0.5263157894736842,1,6,2,3,1,2,4,3,4,4,3,4,1,1,1,1,1,0,0,0,0,0,1,1,0,1,0,0
0.3157894736842105,1,1,3,1,1,1,2,2,5,1,2,1,3,1,0,1,1,0,0,0,0,0,1,1,0,0,0,1
0.5789473684210525,1,2,5,5,1,1,2,3,4,5,3,5,2,5,0,0,0,0,0,0,0,0,1,0,1,0,0,1
0.36842105263157887,1,4,2,1,1,2,2,1,1,1,1,1,1,1,1,1,0,1,0,0,0,0,1,1,0,0,0,1
0.4736842105263158,1,6,4,4,3,5,4,4,4,2,1,4,4,3,1,1,1,0,1,0,1,1,1,0,1,1,0,0
0.42105263157894746,1,6,5,4,4,4,4,3,4,4,4,4,5,1,1,0,1,0,1,0,1,0,1,1,0,1,0,0
0.42105263157894746,1,3,5,5,3,5,5,2,3,1,2,5,3,5,0,1,1,1,0,1,1,0,1,1,0,0,0,1
0.5789473684210525,1,5,3,4,2,5,5,1,5,1,5,4,5,5,0,1,1,0,0,0,0,0,1,1,0,0,0,1
0.42105263157894746,1,5,4,2,1,5,4,3,5,1,4,4,4,2,0,1,1,0,0,1,1,1,1,1,0,0,0,1
0.4736842105263158,1,4,3,4,2,5,5,5,5,4,4,2,3,4,1,1,1,0,0,1,1,0,1,0,1,0,0,1
0.4736842105263158,1,1,3,2,1,3,4,3,3,3,2,3,2,5,0,1,1,0,0,0,0,0,0,0,1,0,0,1
0.26315789473684215,1,4,5,3,2,3,5,5,2,3,3,3,5,5,1,1,1,0,0,0,0,0,1,1,0,0,0,1
0.36842105263157887,1,2,3,5,2,4,2,2,1,4,2,3,2,3,1,1,1,0,1,1,0,0,1,1,0,0,0,1
0.6842105263157895,1,5,5,5,3,4,4,4,4,2,3,4,4,2,0,1,1,0,0,1,0,0,1,1,0,1,0,0
0.5789473684210525,1,6,4,3,1,2,4,3,4,2,2,4,2,1,1,1,0,0,0,0,0,0,1,1,0,0,0,1
0.3157894736842105,1,3,4,2,1,3,4,1,1,5,1,2,2,3,0,1,1,0,0,1,0,0,1,1,0,0,0,1
0.4736842105263158,1,6,5,5,3,3,5,3,3,4,3,4,5,4,1,1,1,1,0,1,0,0,1,1,0,0,0,1
0.6315789473684209,1,5,5,5,3,5,5,5,3,3,3,5,4,4,1,1,1,1,0,0,1,0,1,1,0,0,0,1
0.5789473684210525,1,5,4,5,2,5,1,5,2,3,4,5,1,5,1,1,1,1,0,1,1,1,1,0,1,0,0,1
0.42105263157894746,1,3,5,4,2,3,3,2,1,3,2,2,3,3,0,1,1,1,0,0,0,0,1,1,0,0,1,0
0.3157894736842105,1,1,4,2,1,3,5,2,1,4,2,2,4,2,1,1,1,0,1,1,0,1,1,0,1,0,0,1
0.4736842105263158,1,6,4,5,3,4,5,5,5,1,3,3,4,5,0,1,1,0,0,1,0,0,1,1,0,0,0,1
0.42105263157894746,1,5,4,1,2,1,1,1,1,2,1,1,2,3,1,1,1,0,0,1,0,0,1,1,0,0,0,1
0.4736842105263158,1,6,3,3,2,3,3,4,3,3,4,4,3,2,0,1,1,0,0,0,1,0,1,1,0,0,0,1
0.36842105263157887,1,3,2,3,4,2,3,4,2,4,2,3,1,4,1,1,1,0,0,0,0,0,0,1,0,1,0,0
0.36842105263157887,1,3,3,3,2,3,5,4,3,3,3,5,5,4,1,1,1,0,0,1,1,0,1,1,0,1,0,0
0.42105263157894746,1,2,2,2,2,2,2,3,4,3,3,3,2,2,0,1,1,0,0,0,0,0,1,1,0,0,0,1
0.42105263157894746,1,6,4,4,3,4,2,4,4,3,4,3,4,3,1,1,1,1,1,0,1,1,1,0,1,0,0,1
0.42105263157894746,1,6,5,2,5,4,4,4,4,3,2,2,3,2,0,1,1,0,0,1,0,0,1,1,0,0,0,1
0.3157894736842105,1,4,3,3,3,3,4,3,4,3,3,3,3,2,1,1,1,0,0,0,0,0,1,1,0,0,0,1
0.6315789473684209,1,6,4,4,1,3,3,2,2,4,1,2,2,4,0,1,1,0,0,0,0,1,1,1,0,1,0,0
0.36842105263157887,1,3,3,3,2,5,5,4,2,3,2,4,2,4,0,0,0,0,0,0,0,0,1,0,1,0,0,1
0.3157894736842105,1,6,4,5,3,5,5,5,2,3,1,3,4,5,0,1,1,1,0,1,1,0,1,1,0,0,0,1
0.36842105263157887,1,6,3,2,1,2,3,1,1,3,1,3,3,2,1,1,0,1,0,0,0,1,1,1,0,1,0,0
0.26315789473684215,1,6,3,2,1,5,2,3,1,3,1,2,1,5,1,1,1,1,1,1,1,1,1,1,0,0,0,1
0.3157894736842105,1,6,4,5,5,5,5,5,5,1,4,5,5,5,1,1,1,1,0,1,1,0,1,1,0,0,0,1
0.42105263157894746,1,4,5,4,3,4,4,3,2,3,4,3,3,4,1,1,1,1,1,1,1,1,1,1,0,0,0,1
0.4736842105263158,1,2,2,2,1,5,5,5,1,3,1,5,1,5,1,0,0,0,1,0,0,0,1,0,1,0,0,1
0.36842105263157887,1,3,4,4,4,5,5,4,4,2,3,3,4,3,1,1,1,0,1,0,0,1,1,0,1,0,0,1
0.36842105263157887,1,4,5,4,2,5,5,4,4,3,3,5,5,5,1,1,1,1,0,1,1,0,1,1,0,1,0,0
0.42105263157894746,1,5,5,5,3,5,5,5,5,5,5,5,5,5,1,1,1,0,0,1,0,0,1,0,1,1,0,0
0.6315789473684209,1,6,5,5,5,5,5,5,5,5,1,5,5,5,1,1,1,0,0,0,0,0,1,0,1,0,0,1
0.42105263157894746,1,3,4,4,2,3,5,3,1,3,4,5,2,2,1,1,1,0,0,0,0,0,1,1,0,1,0,0
0.1578947368421052,1,3,3,4,3,3,3,3,5,3,4,5,3,4,1,0,0,0,0,0,0,0,0,0,1,0,0,1
0.4736842105263158,1,6,4,3,3,4,5,4,5,4,4,3,4,5,1,1,1,1,0,0,1,0,1,0,1,0,0,1
0.36842105263157887,1,4,2,4,2,4,5,4,5,4,4,4,3,3,1,1,1,1,1,0,0,0,1,0,1,0,0,1
0.42105263157894746,1,6,1,1,1,1,1,1,2,2,1,2,1,2,0,1,1,0,0,1,0,0,1,1,0,0,0,1
0.3157894736842105,1,6,4,5,3,2,5,3,4,2,1,5,4,5,1,1,1,0,0,1,1,1,1,0,1,0,0,1
0.5263157894736842,1,5,4,4,3,4,4,4,3,3,3,4,4,4,0,1,1,0,0,0,0,1,1,1,0,0,0,1
0.42105263157894746,1,4,4,4,2,5,4,5,3,2,2,3,4,4,0,1,1,0,0,1,0,0,1,1,0,0,0,1
0.5263157894736842,1,4,4,3,2,3,2,3,2,1,3,2,3,2,1,1,1,0,0,0,0,1,1,0,1,0,0,1
0.42105263157894746,1,6,3,4,4,5,5,4,5,2,4,5,4,4,0,1,1,1,0,1,0,0,1,1,0,0,0,1
0.6315789473684209,1,5,3,3,2,2,4,2,2,3,4,4,2,2,1,1,1,1,0,1,0,1,1,0,1,1,0,0
0.5263157894736842,1,4,2,1,1,2,4,2,1,1,3,3,2,4,1,1,1,1,0,0,0,0,1,1,0,1,0,0
0.42105263157894746,1,3,3,4,1,2,2,3,3,3,3,3,4,4,0,1,0,0,0,0,0,0,1,1,0,0,0,1
0.5789473684210525,1,4,3,2,1,2,4,3,3,3,2,4,2,3,1,1,1,0,0,1,0,0,1,1,0,1,0,0
0.36842105263157887,1,5,4,5,3,4,4,5,2,3,3,4,5,4,1,1,1,1,1,1,1,0,1,1,0,0,0,1
0.3157894736842105,1,3,4,4,4,4,4,4,5,5,4,5,5,5,0,1,1,0,0,1,1,0,1,1,0,1,0,0
0.42105263157894746,1,2,3,3,1,3,1,1,1,3,5,1,1,1,0,1,1,0,0,0,0,0,1,1,0,0,0,1
0.5789473684210525,1,3,2,1,3,2,4,4,3,3,1,2,1,1,0,1,1,1,0,1,0,1,1,1,0,1,0,0
0.1578947368421052,1,5,2,1,4,2,5,2,4,3,1,4,2,2,1,1,0,0,0,0,0,0,0,0,1,0,0,1
0.42105263157894746,1,3,4,2,3,3,5,4,4,3,3,4,3,5,0,1,1,0,0,0,0,1,1,1,0,0,0,1
0.6315789473684209,1,2,3,4,2,4,4,4,2,2,1,3,3,2,0,1,1,0,1,0,0,1,1,0,1,0,0,1
0.42105263157894746,1,3,2,3,2,3,3,3,4,3,3,5,3,3,0,1,0,0,0,0,0,0,0,1,0,0,0,1
0.4736842105263158,1,3,3,4,5,3,5,3,3,3,3,5,1,4,0,1,1,1,0,1,0,0,1,0,1,1,0,0
0.5789473684210525,1,3,4,2,2,3,5,4,1,1,2,5,5,5,0,1,1,0,0,1,0,0,1,0,1,0,0,1
0.36842105263157887,1,3,4,5,3,5,2,5,2,3,4,4,5,2,1,0,1,0,1,1,0,0,1,0,1,0,0,1
0.8421052631578948,1,3,4,5,4,3,3,5,4,3,1,4,4,5,0,1,0,0,0,0,1,0,0,1,0,0,0,1
0.4736842105263158,1,4,2,4,1,3,4,3,4,2,2,3,3,2,0,1,1,0,0,0,0,0,1,1,0,0,0,1
0.42105263157894746,1,5,4,5,4,5,5,4,3,3,3,3,4,2,1,1,1,0,1,1,1,1,1,0,1,1,0,0
0.36842105263157887,1,5,5,5,5,4,4,3,5,2,2,5,4,3,0,1,1,0,0,0,0,0,1,1,0,1,0,0
0.3157894736842105,1,4,5,3,2,4,2,2,1,3,5,1,4,1,0,1,0,0,0,0,0,0,1,1,0,1,0,0
0.21052631578947367,1,6,3,2,2,2,4,2,1,3,3,2,3,4,1,1,1,1,0,1,0,0,1,1,0,0,0,1
0.3157894736842105,1,4,3,3,2,2,4,2,2,3,2,2,3,1,0,0,1,0,0,0,0,1,1,1,0,0,0,1
0.052631578947368474,1,4,4,3,1,3,5,3,3,3,1,5,4,5,1,0,1,1,0,0,0,0,1,1,0,0,0,1
0.42105263157894746,1,6,5,3,2,3,5,5,1,3,1,3,4,5,1,1,1,1,1,1,0,1,1,0,1,0,0,1
0.1578947368421052,1,6,2,5,4,5,3,5,2,2,3,2,4,2,0,1,1,1,0,1,1,0,1,1,0,0,0,1
0.36842105263157887,1,2,2,3,1,4,5,4,3,3,1,5,5,5,0,1,1,0,0,0,0,0,0,0,1,0,0,1
0.42105263157894746,1,6,5,1,4,1,4,4,3,4,2,4,5,4,0,1,1,0,0,1,1,1,1,1,0,0,0,1
0.4736842105263158,1,6,4,3,3,4,4,5,4,4,3,3,3,4,0,1,0,0,0,0,0,0,0,1,0,0,1,0
0.5263157894736842,1,4,2,1,1,1,4,1,1,3,1,3,1,3,1,1,1,1,1,1,0,1,1,0,1,0,0,1
0.36842105263157887,1,6,4,5,4,5,3,5,3,3,2,5,5,4,0,1,1,0,0,1,0,0,1,1,0,1,0,0
0.42105263157894746,1,6,5,5,5,5,5,5,5,1,4,5,5,5,0,1,1,1,0,1,1,0,1,1,0,0,0,1
0.42105263157894746,1,6,5,5,5,5,5,5,5,5,5,5,5,5,1,1,0,0,0,1,0,0,1,1,0,0,0,1
0.36842105263157887,1,6,3,4,5,4,5,4,5,5,3,5,4,5,0,1,1,0,0,1,1,1,1,1,0,0,0,1
0.36842105263157887,1,6,3,3,2,2,4,4,4,3,3,4,2,4,1,1,1,1,0,1,0,0,1,1,0,0,0,1
0.21052631578947367,1,6,5,4,1,2,4,3,1,3,3,3,3,5,1,1,1,1,1,0,0,1,1,0,1,0,0,1
0.26315789473684215,1,1,3,2,1,2,4,2,2,3,4,2,2,5,1,1,1,0,0,1,0,1,1,0,1,0,0,1
0.42105263157894746,1,6,5,4,2,4,5,5,1,1,1,5,1,5,1,1,1,0,1,1,0,1,1,0,1,0,0,1
0.36842105263157887,1,4,5,5,4,5,5,4,5,5,3,5,3,5,1,1,1,0,0,1,1,0,1,1,0,0,0,1
0.42105263157894746,1,3,4,5,4,4,5,5,2,2,5,5,5,4,1,1,1,1,0,0,0,0,1,0,1,0,0,1
0.36842105263157887,1,3,4,4,1,3,2,2,2,2,2,4,3,2,0,1,1,1,0,1,1,0,0,1,0,0,0,1
0.4736842105263158,1,3,5,4,3,5,4,5,3,2,2,4,4,4,1,1,1,1,1,1,1,1,1,0,1,0,1,0
0.26315789473684215,1,4,4,2,2,2,3,1,2,5,1,1,3,4,1,1,1,1,1,1,1,1,1,0,1,0,0,1
0.6315789473684209,1,3,4,3,2,4,3,3,4,3,1,4,2,2,1,1,1,0,1,1,0,1,1,0,1,0,0,1
0.6842105263157895,1,3,5,5,2,2,1,1,2,4,1,3,2,3,0,1,1,1,1,0,0,1,1,0,1,0,0,1
0.5789473684210525,1,6,5,5,4,4,5,1,2,2,3,5,2,4,0,1,1,1,0,0,1,0,1,1,0,0,0,1
0.3157894736842105,1,5,3,3,3,3,3,3,3,3,3,3,3,3,1,1,1,0,0,0,0,0,1,1,0,0,0,1
0.3157894736842105,1,6,4,2,4,3,5,4,1,3,2,4,4,2,0,1,1,0,0,1,0,1,1,1,0,0,0,1
0.42105263157894746,1,4,4,4,1,3,3,1,1,1,1,1,2,2,1,1,1,1,1,1,0,1,1,0,1,0,0,1
0.21052631578947367,1,4,5,5,2,5,4,5,5,2,4,4,5,5,0,1,1,0,0,0,0,0,1,1,0,0,0,1
0.42105263157894746,1,3,4,3,2,3,4,3,2,4,1,3,1,3,1,1,1,0,1,1,0,0,1,0,1,1,0,0
0.3157894736842105,1,2,3,3,2,3,5,3,1,3,4,5,3,2,0,1,1,0,1,1,0,1,0,0,1,0,0,1
0.5263157894736842,1,6,5,3,5,5,4,5,1,3,1,3,5,1,1,0,0,0,0,0,0,0,1,0,1,0,0,1
0.36842105263157887,1,5,3,4,3,3,5,5,4,4,4,3,4,3,0,1,1,0,0,0,0,0,1,0,1,0,0,1
0.7894736842105262,1,4,5,3,1,3,5,3,2,2,1,5,5,5,0,1,1,0,0,0,0,0,0,1,0,0,0,1
0.36842105263157887,1,2,4,4,3,3,5,2,4,2,2,2,4,5,1,1,1,0,0,1,1,0,1,0,1,0,0,1
0.26315789473684215,1,6,3,5,4,3,5,4,1,5,1,5,5,5,1,1,1,1,1,1,1,0,1,1,0,0,0,1
0.36842105263157887,1,3,5,4,3,4,4,4,2,3,1,5,4,2,1,1,1,0,0,1,0,0,1,1,0,1,0,0
0.42105263157894746,1,5,5,5,3,4,4,4,4,1,1,4,2,1,1,1,1,1,1,1,1,1,1,1,0,0,1,0
0.5263157894736842,1,5,4,5,3,5,5,5,1,3,1,3,2,1,1,1,1,0,1,1,0,1,1,0,1,1,0,0
0.21052631578947367,1,6,5,5,3,3,5,4,1,3,1,5,4,4,0,1,0,0,0,0,0,0,1,1,0,0,0,1
0.26315789473684215,1,4,4,3,1,3,4,4,2,3,1,4,3,5,1,1,1,0,0,1,0,0,1,1,0,0,0,1
0.5263157894736842,1,5,4,4,2,4,4,5,4,2,3,3,4,5,1,1,1,0,1,0,0,0,1,0,1,0,0,1
0.7894736842105262,1,2,2,2,1,4,5,4,4,2,1,5,2,4,0,1,1,1,1,0,0,1,1,1,0,0,0,1
0.26315789473684215,1,5,3,3,2,2,3,2,2,1,3,2,2,2,1,1,1,0,1,1,1,0,1,0,1,0,0,1
0.42105263157894746,1,3,4,5,4,5,5,4,3,3,1,4,4,2,1,0,0,0,1,0,0,1,0,1,0,0,0,1
0.4736842105263158,1,2,3,2,2,3,2,2,2,4,2,3,2,3,1,1,1,1,0,1,0,1,1,0,1,0,0,1
0.42105263157894746,1,6,5,5,5,4,4,4,2,3,2,3,4,1,0,0,1,0,0,0,1,1,0,1,0,0,0,1
0.5789473684210525,1,3,4,4,1,5,5,3,5,2,2,4,3,5,1,1,1,0,0,1,0,0,1,0,1,0,0,1
0.26315789473684215,1,5,3,3,4,3,3,3,4,3,3,3,3,2,0,1,1,0,0,0,1,0,1,0,1,0,0,1
0.7894736842105262,1,2,4,4,1,3,3,3,2,3,1,2,2,4,0,1,1,1,0,0,0,0,1,1,0,0,1,0
0.36842105263157887,1,5,4,5,3,3,3,3,5,1,4,4,3,5,0,1,1,1,0,1,0,1,1,1,0,1,0,0
0.36842105263157887,1,5,4,2,2,2,1,1,1,3,1,2,2,2,1,1,1,0,0,1,0,0,1,0,1,1,0,0
0.42105263157894746,1,3,3,2,1,1,1,3,1,1,2,1,2,2,1,1,1,0,0,1,0,0,1,1,0,0,1,0
0.4736842105263158,1,5,5,4,2,4,5,5,5,1,4,5,2,5,1,1,1,1,1,1,1,1,1,1,0,0,0,1
0.42105263157894746,1,3,4,5,4,5,3,5,4,3,2,4,4,4,0,1,1,0,0,0,0,0,1,1,0,1,0,0
0.3157894736842105,1,6,5,5,5,5,5,5,5,5,5,5,5,5,1,1,1,0,0,1,0,0,1,0,1,0,0,0
0.6842105263157895,1,4,3,3,3,3,4,4,4,4,3,5,3,4,1,1,1,1,0,1,1,0,0,1,0,0,0,1
0.5263157894736842,1,6,5,2,2,2,4,2,2,3,3,2,1,5,1,1,1,1,1,1,0,1,1,0,1,0,0,1
0.36842105263157887,1,2,5,5,2,4,5,5,5,1,5,4,5,5,0,1,1,0,0,1,0,0,1,1,0,0,1,0
0.4736842105263158,1,1,3,2,1,1,2,1,1,2,2,3,4,3,0,0,0,1,0,0,0,0,1,1,0,0,0,1
0.36842105263157887,1,4,4,4,2,5,4,4,2,3,2,3,3,5,0,1,1,1,1,0,0,1,1,1,0,0,0,1
0.4736842105263158,1,3,4,4,3,3,4,2,4,2,3,2,2,1,0,1,1,0,0,1,0,1,1,1,0,1,0,0
0.5263157894736842,1,5,3,2,2,3,5,3,5,2,3,5,5,4,1,1,1,1,0,1,1,1,1,1,0,1,0,0
0.36842105263157887,1,5,3,2,2,3,4,3,1,3,2,5,2,4,1,1,1,1,1,1,1,1,1,0,1,0,0,1
0.8421052631578948,1,3,4,5,3,5,5,5,4,2,5,4,5,4,0,1,1,0,0,0,0,0,1,1,0,0,0,1
0.4736842105263158,1,4,3,4,2,2,5,4,5,5,5,5,2,2,1,1,1,0,1,1,0,1,1,0,1,0,0,1
0.42105263157894746,1,6,4,3,3,3,2,2,3,3,1,1,3,2,0,1,1,0,0,1,0,0,1,1,0,0,0,1
0.7894736842105262,1,6,5,5,3,5,4,5,5,3,3,5,5,5,0,1,1,1,0,1,1,0,1,1,0,0,0,1
0.3157894736842105,1,4,4,3,2,3,5,5,5,5,5,5,5,1,1,0,1,1,1,0,0,0,1,0,1,0,0,1
0.6684210526315789,1,6,4,2,2,3,5,3,5,2,3,4,5,5,0,1,0,0,0,0,0,0,1,1,0,0,0,1
0.5263157894736842,1,2,3,4,1,3,3,2,3,3,4,5,3,3,1,1,1,1,1,1,1,1,1,0,1,0,0,1
0.6315789473684209,1,4,4,5,3,4,4,4,5,1,2,3,4,3,0,1,1,0,0,1,0,0,1,0,1,1,0,0
0.42105263157894746,1,3,5,4,2,3,3,4,3,4,1,2,2,4,1,1,0,0,0,0,0,0,1,0,1,0,0,1
0.4736842105263158,1,5,5,5,2,4,5,3,5,3,2,3,3,4,1,1,1,1,0,1,1,0,1,0,1,0,0,1
0.26315789473684215,1,5,4,4,2,4,4,4,5,2,4,2,4,4,1,1,1,1,1,1,0,0,1,0,1,0,0,1
0.36842105263157887,1,3,3,4,3,4,4,4,5,1,2,4,4,2,0,0,1,0,0,0,1,1,1,1,0,0,0,1
0.3157894736842105,1,5,5,5,5,5,5,5,2,3,2,4,4,5,1,1,1,1,1,1,1,0,1,1,0,0,0,1
0.42105263157894746,1,6,4,4,4,4,2,3,2,3,4,3,3,4,1,1,1,0,0,1,0,0,1,0,1,0,0,1
0.42105263157894746,1,6,3,3,3,4,5,5,4,3,1,5,3,3,1,1,1,1,0,0,0,1,1,0,1,0,0,1
0.4736842105263158,1,6,5,4,4,5,5,5,2,3,1,5,5,5,1,1,1,0,1,1,0,1,1,0,1,0,0,1
0.42105263157894746,1,6,4,5,5,5,5,5,5,2,4,5,4,1,1,1,1,0,0,1,0,0,1,1,0,0,0,1
0.3157894736842105,1,6,5,4,2,3,3,2,1,3,3,2,2,2,1,1,1,1,0,1,1,1,1,1,0,1,0,0
0.6842105263157895,1,2,4,2,1,2,3,1,2,3,4,2,2,1,0,1,1,1,0,0,0,0,1,1,0,0,1,0
0.42105263157894746,1,6,5,4,4,4,4,4,2,4,3,5,4,3,0,1,1,0,0,1,0,0,1,1,0,0,0,1
0.36842105263157887,1,6,4,4,3,5,4,5,4,3,4,5,5,5,0,1,0,0,0,0,0,0,0,1,0,0,0,1
0.36842105263157887,1,3,2,1,4,2,2,2,3,3,2,1,4,4,0,1,1,1,0,1,0,1,1,1,0,0,0,1
0.5263157894736842,1,5,3,4,1,5,4,5,3,3,4,5,5,5,0,1,1,0,0,1,0,0,1,1,0,0,0,1
0.26315789473684215,1,4,4,2,3,3,4,3,2,2,2,4,4,3,0,1,1,0,0,0,0,1,1,0,1,0,0,1
0.6315789473684209,1,6,5,4,3,4,4,4,3,3,2,3,4,5,0,1,1,1,1,0,1,0,1,0,1,0,0,1
0.26315789473684215,1,4,4,5,2,4,5,3,5,5,1,5,4,5,1,1,0,1,0,0,0,0,1,1,0,0,0,1
0.36842105263157887,1,6,3,5,2,5,3,5,4,2,4,4,3,3,0,1,1,0,0,1,0,0,0,1,0,1,0,0
0.3157894736842105,1,5,4,5,5,5,5,5,2,2,1,4,5,1,0,1,1,0,0,0,1,0,0,1,0,0,0,1
0.5263157894736842,1,6,5,2,4,2,5,1,3,2,4,4,2,5,0,1,1,0,1,0,0,1,1,1,0,1,0,0
0.36842105263157887,1,4,4,4,3,5,5,5,5,1,1,3,3,1,0,1,1,1,1,0,0,0,1,1,0,0,0,1
0.5263157894736842,1,6,3,4,4,4,3,3,2,3,1,3,3,3,1,1,1,0,1,0,0,0,1,0,1,0,0,1
0.36842105263157887,1,4,5,3,3,5,5,5,5,3,1,5,4,5,0,1,1,0,0,1,0,0,1,1,0,1,0,0
0.1578947368421052,1,6,2,4,3,5,5,5,3,2,1,5,4,5,1,1,1,0,0,0,0,0,1,0,1,0,0,1
0.6315789473684209,1,5,4,4,2,4,3,4,3,3,2,4,3,4,0,1,0,0,0,0,0,0,0,1,0,1,0,0
0.21052631578947367,1,4,4,5,4,5,5,4,4,3,3,5,3,5,1,1,1,0,0,1,1,1,1,0,1,0,0,1
0.21052631578947367,1,4,2,1,1,3,3,2,1,3,1,2,2,2,1,1,1,0,0,0,0,0,1,1,0,0,0,1
0.21052631578947367,1,4,5,3,4,3,4,4,1,3,1,3,5,5,0,1,1,1,1,1,1,0,1,1,0,1,0,0
0.4736842105263158,1,4,3,4,2,4,5,4,2,3,2,4,3,3,1,1,1,0,0,1,0,0,1,0,1,0,0,1
0.3157894736842105,1,2,4,5,3,5,2,5,1,2,3,3,2,1,1,1,1,0,0,1,0,0,1,0,1,0,0,1
0.4736842105263158,1,6,4,4,3,4,5,4,4,3,2,3,3,5,1,1,1,0,0,1,0,0,1,0,1,0,0,1
0.5789473684210525,1,1,2,2,3,2,3,3,3,4,3,2,2,4,1,1,1,1,1,0,0,1,1,0,1,1,0,0
0.6315789473684209,1,3,4,3,3,3,5,4,4,1,4,5,5,4,0,1,1,0,1,0,0,0,1,0,1,0,0,1
0.3157894736842105,1,6,4,5,3,4,5,4,5,2,4,4,4,5,1,1,1,0,0,1,1,1,1,0,1,1,0,0
0.26315789473684215,1,2,4,3,1,3,4,2,2,3,3,1,4,3,1,1,1,1,1,1,0,0,1,0,1,1,0,0
0.1578947368421052,1,3,4,1,3,2,5,4,5,5,1,4,4,1,0,1,1,1,0,0,0,0,1,1,0,0,0,1
0.5263157894736842,1,4,4,3,5,3,3,5,4,2,3,3,3,3,0,1,1,0,0,1,0,0,1,1,0,0,1,0
0.7894736842105262,1,6,5,5,5,4,5,4,3,3,4,4,4,3,0,1,1,1,0,0,0,0,1,1,0,0,1,0
0.8421052631578948,1,4,1,5,1,2,3,3,2,4,3,3,3,2,0,1,1,0,0,0,0,0,1,1,0,0,1,0
0.36842105263157887,1,4,4,5,4,4,5,5,5,1,3,5,4,4,1,1,1,0,0,1,1,1,1,1,0,0,0,1
0.4736842105263158,1,6,4,3,2,4,4,4,3,3,3,5,5,5,1,1,1,1,1,1,0,0,1,0,1,0,0,1
0.36842105263157887,1,6,5,5,2,3,4,3,4,4,4,5,3,5,1,1,1,1,1,1,0,0,1,0,1,0,0,1
0.3157894736842105,1,6,3,5,3,5,5,5,5,5,5,5,5,5,1,1,1,0,0,0,0,0,1,1,0,0,0,1
0.36842105263157887,1,5,4,3,2,5,5,4,5,1,3,5,5,5,1,1,1,0,1,1,0,1,1,0,1,0,0,1
0.42105263157894746,1,5,3,1,2,3,4,2,2,1,1,4,3,5,0,0,0,0,0,0,0,0,1,1,0,0,0,1
0.42105263157894746,1,3,3,2,2,2,5,3,5,2,5,3,3,5,0,1,1,0,0,0,0,0,0,1,0,0,0,1
0.42105263157894746,1,6,1,5,2,3,5,2,1,2,2,3,3,4,0,1,1,0,0,1,0,0,0,1,0,1,0,0
0.6842105263157895,1,5,4,3,3,4,3,3,4,2,4,2,1,2,0,1,1,0,1,0,1,0,1,1,0,1,0,0
0.36842105263157887,1,6,5,4,2,2,2,3,2,3,1,2,2,5,0,1,1,0,0,0,0,0,1,0,1,0,0,1
0.4736842105263158,1,5,4,3,2,4,4,3,4,4,4,4,3,4,1,1,1,0,1,1,1,0,1,0,1,1,0,0
0.42105263157894746,1,4,4,4,5,4,2,4,3,3,4,2,3,4,1,1,1,0,0,0,0,0,1,0,1,1,0,0
0.36842105263157887,1,4,3,4,4,3,3,3,2,5,3,1,3,2,0,0,0,0,0,0,0,0,1,1,0,1,0,0
0.4736842105263158,1,3,4,2,1,2,3,2,3,3,1,3,2,2,1,1,0,0,1,0,0,0,1,0,1,0,0,1
0.36842105263157887,1,6,4,5,3,4,4,4,3,3,4,4,4,3,0,1,1,1,0,0,0,1,1,1,0,0,0,1
0.3157894736842105,1,5,5,3,2,3,4,2,2,4,3,3,4,3,0,1,1,0,0,0,0,0,1,0,1,0,0,1
0.4736842105263158,1,2,2,1,1,2,5,3,3,4,1,3,2,4,1,1,1,1,1,0,0,0,1,0,1,0,0,1
0.42105263157894746,1,4,3,5,3,5,5,5,5,3,3,5,4,5,0,1,1,1,0,1,1,0,1,1,0,1,0,0
0.3157894736842105,1,6,5,3,4,3,5,5,5,1,4,5,5,3,0,1,1,0,0,1,0,0,1,1,0,1,0,0
0.36842105263157887,1,4,4,4,4,4,4,5,4,1,4,4,4,5,1,1,1,0,0,1,0,0,1,0,1,0,0,1
0.5789473684210525,1,3,3,5,2,2,3,3,1,3,1,2,4,5,0,1,1,1,0,0,0,1,1,1,0,0,0,1
0.36842105263157887,1,4,2,2,1,4,4,4,2,1,1,2,2,2,1,1,1,0,0,0,0,0,0,1,0,0,0,1
0.7368421052631579,1,5,4,3,1,4,5,4,1,3,1,4,1,5,1,1,1,0,1,0,0,0,1,1,0,0,0,1
0.42105263157894746,1,4,1,1,1,5,3,5,1,1,1,3,4,3,1,1,1,1,1,1,1,0,1,1,0,0,0,1
0.4736842105263158,1,3,3,3,3,3,3,2,2,3,3,4,2,2,0,1,0,0,0,0,0,0,0,1,0,0,0,1
0.36842105263157887,1,5,3,5,3,3,3,2,3,3,1,2,2,3,1,1,0,0,0,0,0,0,1,1,0,0,0,1
0.42105263157894746,1,4,2,2,1,4,5,5,1,4,1,3,5,2,0,0,1,0,0,0,0,1,1,1,0,0,0,1
0.7368421052631579,1,3,5,4,1,5,4,5,2,2,2,5,5,2,0,1,1,1,0,0,0,0,1,1,0,0,1,0
0.0,1,3,3,4,2,4,3,2,1,3,1,2,3,1,1,0,1,0,0,0,0,0,0,0,1,0,0,1
0.4736842105263158,1,5,2,4,2,3,4,4,1,3,1,3,2,3,1,1,1,0,0,0,0,0,1,0,1,1,0,0
0.21052631578947367,1,2,3,3,1,3,2,1,1,2,1,1,2,4,1,0,0,0,1,0,0,0,0,0,1,0,0,1
0.21052631578947367,1,6,2,3,1,3,5,3,5,1,2,5,2,1,0,0,0,1,0,0,0,0,0,0,1,0,0,1
0.052631578947368474,1,5,1,1,1,3,3,3,3,3,3,1,1,1,1,0,1,0,1,0,0,0,1,0,1,0,0,1
0.3157894736842105,1,2,2,2,1,3,5,3,5,1,2,5,4,5,1,0,1,1,1,1,1,0,1,1,0,0,0,1
0.3157894736842105,1,6,5,4,2,4,5,3,1,3,2,4,3,4,0,1,1,0,0,0,0,0,1,1,0,0,0,1
0.6315789473684209,1,3,4,4,3,3,4,4,4,5,3,4,3,4,0,1,0,0,0,0,1,0,1,1,0,0,1,0
0.8421052631578948,1,5,2,4,4,3,4,5,4,2,2,4,2,1,0,1,1,0,0,0,0,0,1,1,0,0,1,0
0.9473684210526315,1,4,5,5,3,5,5,5,5,1,4,5,5,4,0,1,1,0,0,0,0,0,0,1,0,0,1,0
0.5263157894736842,1,3,3,4,3,4,3,4,4,2,4,3,4,4,0,1,1,0,0,0,0,0,1,0,1,0,0,1
0.6315789473684209,1,2,2,1,2,3,4,4,4,2,4,4,4,1,0,1,0,0,0,0,0,0,1,1,0,0,1,0
0.7894736842105262,1,3,3,3,4,3,2,3,3,3,4,2,2,2,0,1,0,0,0,0,0,0,1,1,0,0,1,0
0.36842105263157887,1,3,2,3,2,3,3,2,2,3,4,4,5,4,1,1,1,1,0,0,0,1,1,0,1,0,0,1
